{"cameraMode":{"drawMode":0,"name":"Shaded","section":"Shading Mode"},"sceneLighting":false,"audioPlay":false,"sceneViewState":{"m_AlwaysRefresh":false,"showFog":true,"showSkybox":false,"showFlares":true,"showImageEffects":true,"showParticleSystems":true,"showVisualEffectGraphs":true,"m_FxEnabled":true},"in2DMode":false,"pivot":{"x":185.01031494140626,"y":-11.865072250366211,"z":87.02950286865235},"rotation":{"x":0.18691320717334748,"y":-0.07219906896352768,"z":0.013846427202224732,"w":0.9798428416252136},"size":0.5044711232185364,"orthographic":false}