{"cameraMode":{"drawMode":0,"name":"Shaded","section":"Shading Mode"},"sceneLighting":true,"audioPlay":false,"sceneViewState":{"m_AlwaysRefresh":false,"showFog":true,"showSkybox":false,"showFlares":true,"showImageEffects":true,"showParticleSystems":true,"showVisualEffectGraphs":true,"m_FxEnabled":true},"in2DMode":false,"pivot":{"x":-0.014984130859375,"y":2.011000156402588,"z":0.00699615478515625},"rotation":{"x":-0.023731179535388948,"y":-0.9753644466400147,"z":0.13099831342697144,"w":-0.17707441747188569},"size":3.6373064517974855,"orthographic":false}