{"cameraMode":{"drawMode":0,"name":"Shaded","section":"Shading Mode"},"sceneLighting":false,"audioPlay":false,"sceneViewState":{"m_AlwaysRefresh":false,"showFog":true,"showSkybox":false,"showFlares":true,"showImageEffects":true,"showParticleSystems":true,"showVisualEffectGraphs":true,"m_FxEnabled":true},"in2DMode":false,"pivot":{"x":-9.5367431640625e-7,"y":1.5042234659194947,"z":-0.00000476837158203125},"rotation":{"x":-0.16608595848083497,"y":0.18906092643737794,"z":-0.03240411728620529,"w":-0.9674950242042542},"size":1.7797476053237916,"orthographic":false}