{"cameraMode":{"drawMode":0,"name":"Shaded","section":"Shading Mode"},"sceneLighting":false,"audioPlay":false,"sceneViewState":{"m_AlwaysRefresh":false,"showFog":true,"showSkybox":false,"showFlares":true,"showImageEffects":true,"showParticleSystems":true,"showVisualEffectGraphs":true,"m_FxEnabled":true},"in2DMode":false,"pivot":{"x":182.99403381347657,"y":-11.899009704589844,"z":86.99136352539063},"rotation":{"x":0.18691320717334748,"y":-0.07219906896352768,"z":0.013846427202224732,"w":0.9798428416252136},"size":0.366422563791275,"orthographic":false}